ward_no,representative,female,population,category,area,ward_name,st,localities,sc,constituency,male
147,S.M.Murugesh Modaliyar (INC),14269,29945,General,1.6,Adugodi,411,"['Rajendra Nagar', ' Rajendra Nagar slum', ' Venkataswamy Reddy layout', ' Mallappa Reddy layout', ' Nanjappa Reddy Layout', ' K R Nanjappa Layout', ' NDRI campus', ' Adugodi (P)', ' Kaveri Sankeerna', ' Police Quarters', ' Netravathi 1 to 10 blocks', ' Nandi Sankeerna 1 to 32 blocks and Tippu blocks', ' Koramangala 7th block']",5381,B T M Layout,15676
114,Sarala (INC),15524,35632,Scheduled Caste,11.26,Agaram,167,"['Cambridge layout', ' Jeevan Kendra Layout', ' Goutampuram', ' Defence Area', ' Agram farm', ' Jayaraj Nagar', ' Victoria Layout', ' Maya Bazar', ' Police quarters', ' BDA flats']",12434,Shanthinagar,20108
105,Roopa Devi (BJP),12716,26857,Backward Category A (Women),0.8,Agrahara Dasarahalli,433,"['Indira Colony', ' West of Chord road 4th Stage', ' Agrahara Dasarahalli', ' Oddarapalya (P)']",3172,Govindrajnagar,14141
56,S.S.Prasad (BJP),14014,29420,Backward Category A,2.15,A Narayanapura,118,"['Jyothipuram', ' Mahadevapura', ' A Narayanpura', ' Pai Layout', ' Uday Nagar', ' Defence Accountant Employee Layout', ' ITI Employee Housing Colony', ' A Narayanapura Extn.', ' Chinnappa Colony']",5827,K R Puram,15406
196,S.Gangadhar (INC),10293,21080,General,11.92,Anjanapura,226,"['Soudhamini Layout', ' Muneshwar Nagar', ' Avalahalli Colony', ' Vishaweshavaraiah Industrial Layout', ' Bank Officers Layout', ' BDA Layout', ' RB Raj Nagar', ' JP Nagar 9th Phase', ' Anjnapura', ' Anjnapura 2nd & 3rd Block', ' Anjnapura 7th 8th 10th&11th Block', ' Anjnapura Township 8th Block', ' Anjanpura  - 4th - 5th - 5th G 6th Block', ' Jethendra Nagar', ' Kidwai Layout', ' Classic Layout', ' BDA Layout', ' Lakshmi Dorai Layout', ' Meenakshi Residency Layout', ' Galaxy Layout', ' South Avenue Residency Layout', ' Aditya Nagar']",2671,Bangalore South,10787
193,A.N.Purushotham (BJP),11574,25003,General,6.45,Arakere,258,"['Omkar Nagar', ' Syndicate Bank Colony', ' Srinivaslu Layout', ' Vijayashree Layout', ' Mutturayaswamy Layout', ' Janatha Colony', ' Madhavan Colony', ' Hulimavu', ' Muneshwara Colony', ' Pai Layout', ' Shanthinikethan Housing Colony', ' Arakere Layout', ' BTS Layout', ' Hanuman Nagar', ' Arakere', ' Indira Priyadrshini Colony', ' Samarat Layout', ' Vijaya Layout', ' Jayamaruthi Layout', ' Indira Gandhi Housing Colony', ' Vysya Bank Layout', ' Pavani Shrungeri Nagar', ' Shirdi Sai Nagar', ' Nyanappanhalli', ' Lakshmi Layout', ' Majunath Layout', ' Arkere Mico Layout', ' Brindavan Extn.', ' Hulimavu Kere']",3311,Bommanahalli,13429
35,Dr.M.S.Shiva Prasad (BJP),14176,30397,General,7.47,Aramane Nagara,319,"[u'M S Ramaiah Nagar', u' Indian Institute of Science (IISc) Campus', u' IAF Quarters', u' Sankey\u2019s tank', u' Palace ground', u' Malleswaram (P)', u' Ashwathnagar', u' AGS Officers Layout', u' ITI Layout', u' Sadashiva Nagar', u' RMV 2nd Stage 1st Block']",2376,Malleshwaram,16221
132,K.Doddanna (INC),12817,26806,General,1.39,Attiguppe,237,"['Dwaraka Nagar', ' Nisarga Layout', ' Maruthi Nagar', ' Bapuji Nagar', ' Basaveshwar HBCS Layout', ' Widia Layout', ' BHEL Township', ' Income Tax Layout', ' Attiguppe', ' Binny Mills Employees Colony', ' Agromar Layout', ' BCC Layout', ' Nethaji Layout', ' Laripalya']",1318,Vijayanagar,13989
3,K.N.Geetha Shashikumar (BJP),10891,24020,General (Women),10.15,Atturu,665,"['Ananthapura', ' Chikka Bettahalli', ' Dodda Bettahalli', ' Bharat Nagar (MS Palya)', ' Chandrappa Layout', ' Hill side meadows layout', ' Sai Nagar Phase I and II', ' Basavalingappa Layout', ' Netravathi Layout (P)', ' Sai orchards', ' Best country 3', ' G Ramaiah Layout', ' Jyothi Nagar', ' GPF Layout', ' Muneshwara Layout 1st and 2nd Phases', ' Hariraju Layout', ' Vaderahalli kere', ' AMS Layout', ' Veerasagara kere', ' Thirumala Nagar', ' Atturu Layout', ' Muneshwara Layout (Atturu)', ' Ananda Nagar', ' Atturu', ' Atturu kere', ' KHB apartments', ' Yelahanka 4th and 5th Stages', ' 208-SFS colony', ' Central excise and custom staff quarters', ' Air force quarters', ' Yelahanka new town', ' KSIDC industrial estate', ' WAP staff quarters']",2921,Yelahanka,13129
141,Gowramma (INC),17157,35741,General (Women),0.67,Azad Nagar,780,"['Kasturba Nagar', ' Bhakta Markendeya Layout', ' Vittal Nagar', ' Adarsh Nagar', ' Azad Nagar', ' Madigarpalya (Valmiki Nagara)', ' Ramchandra Agrahara']",2189,Chamarajpet,18584
14,B.R.Chandrashekhar (BJP),13147,28306,General,4.43,Bagalakunte,641,"['Sidedahalli', ' NMH Layout', ' Soundarya Layout', ' MHR Layout', ' Siddeshwar Layout', ' Meenakshi Garden Enclave', ' Kirloskar plots', ' Sampangi Layout', ' MEI Employees Housing Colony', ' Bagalakunte', ' Bagalakunte kere', ' Manjunath Nagar', ' Widia Kennametal industry', ' Defence Colony', ' Bhuvaneshwari Nagar', ' Havnoor Extension', ' M S Ramaiah Layout']",1627,Dasarahalli,15159
27,A.Kodanda Reddy (BJP),15364,31998,General,3.46,Banasavadi,263,"['HRBR Layout 1st and 2nd (P) blocks', ' PNS Layout', ' Subbayya playa extention', ' Chowdeshwari Layout', ' Jai Jawan Nagar', ' Yerra Reddy Layout', ' Ex-Servicemen colony', ' Ramaiah Layout', ' Banasvadi', ' Dodda Banasvadi', ' Annaiah Reddy Layout', ' Vijaya Bank colony', ' OMBR Layout']",3419,Sarvagna Nagar,16634
180,Mohammed Ali (JD (S)),16571,34022,General,0.68,Banashankari Temple ward,494,"[u'Teacher\u2019s Colony', u' Bhavani Nagar', u' Eshwar Nagar', u' Vivekanada Colony', u' Sarabanda Palya', u' Gangadhar Nagar', u' Yarab Nagar', u' Omarbhagh']",2548,Padmanabhanagar,17451
134,Krishna.V (BJP),17238,36234,Backward Category A,0.68,Bapuji Nagar,312,"['Shamanna Nagar', ' Guddadahalli', ' Manjunath Nagar', ' Kuvempu Nagar', ' New Guddadahalli', ' Anatha Nagar', ' Bapuji Nagar', ' Chowdappa Layout']",1564,Vijayanagar,18996
154,B.S.Sathyanarayana (BJP),17619,36015,General,1.17,Basavanagudi,159,"['Basavanagudi (P)', ' N R Colony', ' Tata Silk Farm', ' Tyagaraja Nagar']",956,Basavanagudi,18396
53,K.Poornima (INC),10518,22012,General,6.28,Basavanapura,325,"['Devasandra Extension', ' Hale Devasandra', ' NorthGokul Extension', ' Chikka Basavanapura', ' Basavanapura', ' Shigehalli', ' Bharathi Nagar', ' EastSwathnta Nagar', ' Yellamallappa Chetty kere']",4115,K R Puram,11494
100,S.H.Padmaraj (BJP),12798,27002,Backward Category A,0.84,Basaveshwara Nagar,234,"['LIC colony', ' Manjunath Nagar 3rd stage', ' Saneguruvanahalli', ' Basaveshwara Nagar (P)']",1236,Rajajinagar,14204
192,M.Srinivas (JD (S)),9388,19287,Backward Category B,18.8,Begur,148,"['Nobo Nagar', ' K Agrahara', ' Ramanashree Nagar', ' ITM Institute of Hotel Management', ' Suprithi Vinayaka Nagar', ' Ganapathi Nagar', ' Indra Prastha Colony', ' Dodda Kammanahalli', ' Kamakshi Layout', ' Lakshmi Layout', ' Varalakshmi Layout', ' Baraten Agrahar', ' Dodda Thoguru (P)', ' Chikka Kammmanahalli', ' Smiriti Layout', ' Incity Layout', ' Thejashiwini Nagar 2nd Phase', ' Lotus Layout', ' Canara Bank Layout 2nd Stage', ' Malisandra', ' Value City', ' Akshaya Nagar', ' DFL Project New Town', ' Hugi Bande Garden', ' Classic Layout', ' Gyanappahalli', ' Begur', ' Duo Heights Layout', ' Chamundi Nagar', ' Devarachiknahalli', ' Royal Memorial Layout', ' Amaloodava Nagar', ' Mohan Layout', ' AECS Layout', ' HAL Layout', ' MICO Layout', ' Subhash Nagar', ' Residential Layout', ' Devendra Nagar', ' Viveknanda Nagar', ' Sushrshurthi Nagar', ' Basavapura', ' Marthi Layout', ' Dreams Paradise Layout', ' Sudhrashan Nagar', ' RR Layout', ' Pragathi Nagar', ' Chikkathoguru', ' Vishwapriya Nagar']",3488,Bangalore South,9899
150,Babu Reddy.B.P (INC),9708,20526,Backward Category B,26.37,Bellanduru,101,"[u'Green Glen layout', u' Annaiah Layout', u' Haraluru', u' Kaikondahalli', u' Gayatri Layout', u' CSB Layout', u' Blooming Dale layout', u' KPCL Layout', u' Jayaramareddy Layout', u' Junnasandra', u' Dodda Kannalli', u' Owner\u2019s Court Layout', u' Bovi Colony', u' Amruth Nagar', u' Eastwood Layout', u' Royal Classic Layout', u' Lake view layout', u' Kasavanahalli', u' Ambalipura', u' Bhoganahalli', u' Devarabeesanahalli', u' Bellanduru', u' Kariammana Agrahara', u' Kadubeesanahalli', u' Ayyappa nagar', u' PB Layout', u' Manjunatha Layout', u' CKB Layout', u' Veerappa reddy Layout', u' Bora reddy Layout', u' Shantiniketana Layout', u' Patel Layout', u' Vinayaka Layout', u' KPTCL Layout', u' Janatha Colony', u' Doddakannali kere', u' Challaghatta', u' Belur Nagasandra', u' BWSSB Quarters', u' Ambedkar Colony (Belur Nagasandra)', u' Kempapura', u' Bellandur Tank']",5838,Mahadevpura,10818
50,Dayanand.N (BJP),14979,31985,Scheduled Caste,4.92,Benniganahalli,947,"['Gajendra Nagara', ' Old Bayappanahalli Ambedkar Nagar', ' Mallappa Garden', ' Sanjay Gandhi Nagar', ' Krishnaiahna Palya', ' Income Tax Layout', ' Yarratippaiah Layout', ' NGEF Hosnagara', ' Sadananda Nagar', ' Benniganahalli', ' Rajiv Nagar', ' Kasturi Nagar', ' Chikka Banasavadi', ' Pillareddy Nagar', ' Pulla Reddy Nagar', ' Doctor Layout', ' Lalbahaddur Nagar', ' Ramaiah Reddy Colony', ' B.Channasandra', ' Bacchanna Layout']",7346,C V Raman Nagar,17006
91,Shakeel Ahmed (INC),16160,32632,General,0.78,Bharathi Nagar,185,"['Bharathi Nagar', ' Sivan Chetty Garden', ' Tandaram Nagar']",1613,Shivajinagar,16472
188,M.Roopa Ramesh (BJP),10460,22510,General (Women),4.24,Bilekhalli,260,"['Kuvempu Nagar', ' Basavalingappa Layout', ' Bilekhalli', ' Anugrah Layout', ' IIM - Ragavendra Colony', ' Sunder Ramshetty Nagar', ' Shanbogh Nagappa Layout', ' Venugopal Layout', ' BTM Layout 4th Stage', ' Vijaya Bank Layout', ' Sri Satya Sai Layout', ' Doctors Layout', ' Rotary Nagar', ' Vijayshree Layout', ' Vakil Maria Layout', ' Kodi Chikkanhalli', ' Virat Nagar', ' Lake City', ' Sarvabhouma Nagar']",3988,Bommanahalli,12050
121,Srividya (INC),16499,33946,Backward Category A (Women),0.77,Binnipete,692,"['Binnipete', ' Gopalapura (P)', ' Kempapura Agrahara (P)']",16499,Gandhinagar,17447
175,Manjunath Reddy B.S (BJP),11242,24307,General,1.85,Bommanahalli,138,"['Rupena Agrahara', ' Virat Nagar', ' Krishna Reddy Layout', ' Bommanahalli', ' Shamanna Reddy Layout', ' Basappa Layout', ' Seenappa Layout', ' Muneswara Layout (P)', ' New Reddy Layout', ' Krishna Layout', ' Sri M Vishveswaraiah Colony', ' Rotary Nagar (P)']",2767,Bommanahalli,13065
176,G.N.R.Babu (INC),15934,34436,General,2.13,BTM Layout,247,"['Vysya Bank Colony', ' MICO Layout', ' Nainappa Setty playa', ' BTM Layout 2nd Stage', ' Someshwar Colony', ' KAS officers colony', ' Central Excise and Customs quarters', ' Madina Nagar', ' Abbayyappa Layout', ' Ambedkar slum']",1512,B T M Layout,18502
7,Indira (INC),14735,31400,Scheduled Tribe,9.6,Byatarayanapura,1383,"['UAS Teacher Layout', ' Jakkuru Aerodrome', ' Jakkuru (P)', ' Shoba apartments', ' Arkavathy Layout Block I', ' Talakaveri Layout', ' Jakkuru Layout', ' L & T Layout', ' Hoysala Layout', ' Amruthalli', ' Muniswamiappa Layout', ' Amruth Nagar', ' Samruthi Nagar', ' Shabhari Nagar', ' Arkavathi Layout', ' Byatarayanapura', ' Hebbal Kempapura', ' Venkate gowda Layout', ' Pampa extension', ' Vinayaka Layout 1 and 2', ' Chiranjeevi Layout', ' Muniswamy gowda layout', ' Vayunandana Layout', ' Yogesh Layout', ' Kariyanna Layout', ' Nagavara Kere', ' Coffee Board layout', ' Vishveshwar Layout', ' Sahakara Nagar (P) A - E - F & G Blocks', ' Sanjeevini Nagar', ' Military Farm']",3085,Byatarayanapura,16665
169,N.Nagaraju (BJP),14878,30638,Backward Category A,0.87,Byrasandra,73,"['Bairasandra Extension', ' Jayanagar 3rd Block East', ' Canara Bank Colony', ' BCC Layout', ' LIC Colony']",3767,Jayanagar,15760
138,Rekha (BJP),12138,25319,Scheduled Caste,0.4,Chalavadipalya,86,"['Sultan Nagar', ' Jai Bhumi Nagar', ' Anjanappa Garden', ' Siddharth Nagar', ' Doreswamy Nagar', ' Bhangi Colony', ' Chalavadipalya', ' CAR Police Quarters (P)', ' Giripuram']",12632,Chamarajpet,13181
140,B.V.Ganesh (BJP),16205,33398,Backward Category A,1.03,Chamrajapet,469,"['Chamarajpet', ' Raghavendra Colony', ' Nanjamba Agrahara']",948,Chamarajpet,17193
109,A.L.Shivakumar (BJP),16028,33698,General,0.71,Chickpete,75,"['Akkipete (P)', ' Sowrashtrapete', ' Balepete', ' Chickpete (P)', ' Anchepete', ' Huriupete', ' Mamoolpete', ' Ballapurpete', ' Cubbonpete', ' Ramanpete', ' K G Extension']",228,Gandhinagar,17670
183,B.S.Venkataswamy Naidu (BJP),11682,24677,General,1.09,Chikkalsandra,145,"['Rangappa layout', ' Kattriguppe 3rd phase', ' Kattriguppe 4th phase', ' Chikkallasandra', ' Kamakya Theatre']",519,Padmanabhanagar,12995
39,M.Muniswamy (JD (S)),13296,30117,Backward Category A,4.0,Chokkasandra,383,"['Vikas Nagara', ' Nagasandra Colony', ' Vidhya Nagar', ' Nagasandra', ' Rukmini Nagar', ' HMT Housing Colony', ' Amaravathi Layout', ' Chokkasandra', ' Netaji Nagar', ' Peenya Industrial Area II Phase', ' Nelagedaranahalli', ' Narayanapura', ' Vinayaka Nagar', ' Gruhalakshmi Housing Colony (P)']",2571,Dasarahalli,16821
2,K.V. Yashodha (BJP),9224,19626,Backward Category A (Women),7.06,Chowdeswari Ward,286,"['Harohalli', ' Harohalli kere', ' Kanchenahalli', ' ISRO Layout', ' Naganahalli', ' Naganahalli new layout', ' KEB Layout Phase I', ' Balaji Layout', ' Vinayaka Layout', ' Ramanashree Califonia East Garden layout', ' Deo Marvel Layout', ' Mahalaxmi Layout', ' Nisarga Layout', ' CRPF Quarters', ' Puttanahalli', ' Puttanahalli kere', ' Monte Carlo apartment', ' DG staff quarters', ' Central excise quarters', ' Wheel and Axle plant', ' FM Goetze plant', ' Chowdeswari Layout', ' Kamakshiamma Layout', ' East Colony', ' Yelahanka (P)', ' KHB Colony']",2630,Yelahanka,10402
120,Vasanth Kumari (BJP),17534,36582,Backward Category A (Women),0.76,Cottonpete,305,"['Aswath Nagar', ' Keshav Nagar', ' Nagamma Nagar', ' SBI staff quarters', ' Akkipete (P)', ' Sultanpete', ' Manavathipete', ' Cottonpete']",3115,Gandhinagar,19048
57,M.Krishnappa (BJP),13938,29760,Backward Category A,3.58,C V Raman Nagar,640,"[u'Bhuvaneshwari Nagar', u' Maruthi Nagar', u' C V Raman Nagar', u' Jogapalya (Bairasandra)', u' Abbaiappa Layout', u' Poojari Lakshmaiah Layout', u' Seenappa Layout', u' Patel K Marappa Layout', u' HAL Officer\u2019s Enclave', u' Vishvavihar', u' LRDE Qtrs', u' Nagavara', u' Kagdasanapura', u' Malleshappan palya']",2710,C V Raman Nagar,15822
77,R.S. Sathyanarayana (INC),16596,34236,General,0.71,Dattatreya Temple,256,"['Sudheendra Nagar', ' swimming pool extension', ' Kumara Park West']",3351,Gandhinagar,17640
97,Shakeela.M (INC),16828,34595,Scheduled Caste,0.45,Dayananda Nagar,170,"['Yarappa Block', ' Ambedkar Nagar', ' Venkateshwra AK Colony', ' Ramakrishna Seva Nagar', ' Dayananda Nagar']",10651,Rajajinagar,17767
158,Malathi (BJP),14269,30924,Backward Category A (Women),2.09,Deepanjali Nagar,367,"['Deepanjali Nagar', ' Patel Puttanna Industrial Estate', ' FCI Layout', ' Roshan Nagar', ' Muthachary Industrial Estate', ' Ganapathi Nagar', ' Avalahalli', ' Veerabhadra Nagar', ' KEB quarters', ' Raghavendra Colony']",1776,Vijayanagar,16655
47,Sampath Raj .R (INC),16187,33483,Scheduled Caste,1.37,Devara Jeevanahalli,167,"['Modi Garden', ' Bangaragiri Layout', ' Doddanna Nagar', ' Devara Jeevanahalli', ' Military area']",7021,Pulakeshinagar,17296
55,R.Manjula Devi (BJP),10453,22057,Backward Category B,3.52,Devasandra,377,"['Duravani Nagar', ' ITI Colony (P)', ' Devasandra', ' J C Layout', ' Roshan Nagar', ' Railway Colony', ' Devasandra Industrial Area', ' Singayyana Palya', ' Badavala Colony', ' B Narayanapura', ' Ramakrishna Reddy Layout']",3225,K R Puram,11604
119,P.Dhanaraj (BJP),15006,33199,Backward Category A,1.1,Dharmaraya Swamy Temple,108,"['Ganigarpete', ' Halsurpete', ' Kumbara Gundi', ' Kalasipalya Market', ' Kalasipalyam', ' New Bamboo Bazar', ' Nagarathpete', ' Tigalara pete']",2037,Chikkpet,18193
40,T.A.Gayathri (JD (S)),9145,19349,General (Women),12.7,Dodda Bidarakallu,1256,"['Channanayakanahalli', ' Jagannatha Rao Layout', ' Gopalappa Layout', ' Maranna Narayanappa Layout', ' Lingadeeranahalli', ' Siddartha Layout', ' Tippenahalli', ' Suvarna Nagar', ' Wipro Layout', ' Gruhalakshmi Housing Colony (P)', ' Indranagar', ' Nagasandra', ' Residential Layout', ' Proposed Inregreted Layout', ' Karibanahalli', ' Tigalara Palya', ' Mubarak Nagar', ' Vaddara Palya', ' Raghavendra Nagar', ' Maruthi Nagar IV Phase', ' Kalki Nagar', ' Handrihalli', ' Vidhyamana Nagara', ' Doddanna Layout', ' Class D Employees Housing Layout', ' Hosahalli G Palya', ' Sri Ramanagaiah Layout', ' D Group Layout I Stage', ' Congress Chikkanna Layout', ' Doddabedrakallu', ' Sapthagiri Layout']",3055,Yeshwanthpur,10204
10,M E Pillappa (BJP),10313,21640,General,4.2,Dodda Bommasandra,286,"['Nanjappa Layout', ' Chamundeshwari Layout', ' Ramanna Layout', ' Mandamma Layout', ' Govindayyana Palya (P)', ' Kempamma Layout', ' Hanuman Layout', ' Subbakka Layout', ' Dodda Bommasandra (P)', ' Jayalakshamma Layout', ' Ranappa Dasappa Layout', ' Muneswara Layout', ' Vimana Layout', ' Kodigehalli kere', ' Nagaland Colony', ' BEL Quarters', ' BEL Colony', ' CRL - BEL Industrial estate', ' Vidyaranayapura 2nd block', ' BEL Layout']",3188,Byatarayanapura,11327
85,Sridhar Reddy (BJP),10226,22016,General,12.12,Dodda Nekkundi,343,"['Ashreya Layout', ' Dodda Nekkundi Industrial Estate', ' Vishveshwaraiah Industrial estate', ' ferns City', ' Dodda Nekkundi', ' Dodda Nekkundi kere', ' Chinnappa Reddy layout', ' HAL East Extension', ' Jawaharnagar Sector 4', ' Hemanth Nagar (Chinnappanahalli Ext)', ' ISRO Layout', ' Karthik Nagar', ' LRDE Employees Housing Colony', ' NC Munireddy Layout', ' Dodda Nekkundi Ext', ' Hanumareddy Layout', ' Channappanahalli', ' AECS Layout - A -B -C -D -E Blocks', ' Kundalahalli Colony', ' Kundalahalli', ' Kundalahalli kere', ' Annayareddy Layout', ' Tubarahalli', ' Tigalarapalya', ' BEML Layout']",4283,Mahadevpura,11790
112,Geetha Srinivasa Reddy (BJP),16876,34703,General (Women),1.75,Domlur,295,"['Indira Nagar', ' Dhupanahalli', ' Domlur', ' Domlur 1st Stage', ' Someshwarapura Layout']",5338,Shanthinagar,17827
106,Gangabyraiah (BJP),11740,24752,General,0.99,Dr. Raj Kumar Ward,335,"['Rajaji Nagar Industrial town', ' Oddarapalya (P)', ' Rajaji Nagar 6th block', ' Police Colony']",2111,Govindrajnagar,13012
148,P.M.Saroja (INC),13789,29105,General (Women),1.61,Ejipura,499,"['Ejipura', ' Gowda Muniswamy Garden', ' Chandra Reddy Layout', ' Venkappa Garden', ' Ashwini Layout', ' Green Leaf Extension', ' Shinivagilu', ' Shinivagilu Tank bed layout', ' AK Colony', ' National Games Housing Complex']",4906,B T M Layout,15316
157,B.S.Anand (BJP),12798,27264,General,1.14,Gali Anjenaya Temple ward,309,"['Karithimmanahalli', ' Raghavendra Nagar', ' Sanjaya Nagar', ' Telecom Layout', ' Timber Yard Layout', ' Venkateshpura', ' Byatarayanapura', ' Muneswara block (P)']",1874,Vijayanagar,14466
94,S. Nataraj (INC),15744,35310,General,1.93,Gandhinagar,167,"['Seshadripuram', ' Ramakrishna Layout', ' Nehru Nagar', ' VV Giri Colony', ' Bangalore City', ' Kempegowda bus Stand', ' RK Puram', ' Gandhinagar', ' Upparpet', ' Chikpete (P)']",6153,Gandhinagar,19566
165,L.Govindaraj (INC),11113,23101,Backward Category A,1.63,Ganesh Mandir ward,179,"['Banashankari 3rd Stage (p)', ' Banashankari 2nd Stage', ' Kempegouda Institute Of Medical Science', ' BNM College']",652,Padmanabhanagar,11988
20,Anand.V (BJP),12568,26256,General,2.26,Ganga Nagar,286,"['UAS Campus', ' KEB Layout', ' UAS Staff Quarters', ' Vishveshvaraiah Nagar', ' Reserve Bank Colony', ' HMT Layout', ' Ganga Nagar', ' Venkappa Block', ' Gundappa Block']",2842,Hebbal,13688
34,M.Nagaraj (BJP),11826,24954,General,1.09,Gangenahalli,185,"['Ganganagar', ' Dena Bank Colony', ' Papanna block', ' Gangenahalli Extension', ' Mathadhalli Layout']",2373,Hebbal,13128
82,N.Pillappa (INC),9549,20920,General,6.8,Garudachar Playa,364,"['Mahadevapura', ' Maheshswari Nagar', ' Kaveri nagar', ' RHB Colony', ' Purvankara Layout', ' Garudachar playa', ' Muniswamappa Layout', ' KSSIDC Industrial Estate', ' KEB colony', ' Maruthi Industrial Estate', ' Siddaramapalya', ' Basavanna Nagar', ' Shetty Layout', ' KIADB Export Promotion Industrial Area', ' Whitefield (P)', ' Panatthur Agrahara', ' Hudi (P)', ' Maruthi Nagar']",3635,Mahadevpura,11371
76,Chethan Gowda (BJP),17029,35389,General (Women),0.64,Gayithri Nagar,226,"['Gayithri Nagar', ' Sriramapuram North']",980,Malleshwaram,18360
162,Lalitha.H.S (BJP),16704,34912,General (Women),1.77,Girinagar,125,"['Girinagar 1st and 2nd phases', ' Writers colony', ' Dasarahalli (P)', ' Nagendra block', ' Srinivasanagar (P)', ' Banasankari 3rd Stage - 3rd and 5th blocks', ' Hosakerehalli Layout']",474,Basavanagudi,18208
194,S.K.Pushpa (INC),10124,21526,Backward Category B,6.49,Gottigere,891,"[u'JP Nagar 8th Phase', u' Brookes Heaven Layout', u' Lakshman Layout', u' Royal Country Layout', u' JP Nagar 8th Phase 2nd Block', u' Surbhi Nagar', u' SATG\u2019s Layout', u' Nayak Layout', u' Pavamana Nagar', u' Rajadhadri Layout', u' Kotanur Dinne', u' Venkateshwara Layout', u' Bhagya Nagar', u' IDBI Layout', u' Meenakshi Layout', u' Raghavendra Swamy Layout', u' Bora Layout', u' Gundappa Layout', u' Vidya Sagar Layout', u' Royal Heritage Layout', u' Weavers Colony', u' Gottigere', u' Pillaganahalli']",3487,Bangalore South,11402
104,Mohan Kumar (BJP),12208,25773,Backward Category A,0.77,Govindaraja Nagar,274,"['Prashanth Nagar', ' Corporation Colony', ' BMP Colony', ' Govindaraja Nagar', ' Magadi Chord road Layout', ' Thimmenahalli', ' CHBS Layout', ' Binni Layout', ' Vijaya Nagar 1st Stage']",2278,Govindrajnagar,13565
171,Mohammed Rizwan Nawab (INC),16989,35828,General,0.68,Gurappanapalya,87,"['Bismilla Nagar', ' Tavarekere', ' Gurappanapalya', ' Maruthi HBS Layout', ' KEB Colony']",950,Jayanagar,18839
84,H.A.Srinivas (INC),12392,25915,Backward Category B,12.68,Hagadur,211,"['Siddapura', ' Nallurhalli', ' Nallurhalli Kere', ' Dodsworth Layout', ' Whitefield (P)', ' ECC Layout', ' Hagadur', ' Ramagondanahalli', ' Narayanapura', ' Kodi', ' Vijayanagar', ' Gandhipuram', ' Vinayaka Layout', ' Sathya sai layout', ' D Souja layout', ' Byrappa layout', ' Hagadur colony', ' Vinayaka nagar', ' Immadahalli', ' Nagondahalli']",3664,Mahadevpura,13523
87,Siddalingaiah (BJP),15472,33066,General,6.8,HAL Airport,464,"['Nellurupuram', ' Vimanapura', ' HAL Layout', ' Islampur', ' Annasandrapalya', ' Krishna nagar', ' Vinayak nagar', ' Ramesh nagar', ' HAL Airport']",5487,K R Puram,17594
90,Udayakumar .R (INC),15365,35891,Scheduled Caste,1.68,Halsoor,866,"['Halsoor', ' Gupta Layout', ' Halsoor lake', ' Sivan chetty garden spot']",6474,Shivajinagar,20526
133,R.Chandrashekaraiah (BJP),14639,30355,General,1.11,Hampi Nagar,414,"['Hosahalli Extension', ' RPC Layout', ' Vijay Nagar 2nd Stage', ' Maruthi Nagar', ' Kavika Layout']",3502,Vijayanagar,15716
155,K.Chandrashekar (INC),16928,35065,General,0.99,Hanumanth Nagar,290,"['Brindavana Nagar', ' Gavipuram extension', ' Gavipuram', ' Hanumath Nagar (P)', ' Deer Park', ' Kempambudhi Kere']",857,Basavanagudi,18137
24,B.Govindaraju (BJP),15650,32156,Backward Category A,4.64,HBR Layout,188,"['Byraveshawar Layout', ' Choudappa Layout', ' North Hennuru', ' Punappa Layout', ' HRBR layout 1st East block', ' HBR layout 2nd (P) - 3rd - 4th and 5th blocks', ' Nanjappa layout', ' Chennaiah layout']",4584,Sarvagna Nagar,16506
21,Jayappa Reddy C.R (BJP),11601,24161,General,1.23,Hebbala,576,"['Hebbala', ' Kunti Betta', ' Chola Nagar', ' Amar Jyothi Layout', ' Chowdaiah Block', ' Anand Nagar Colony', ' UAS Quarters (P)', ' MSH Layout', ' Anand Nagar']",3131,Hebbal,12560
71,Govindegowda M.B (Independent),14123,30889,General,1.96,Hegganahalli,527,"['Maruthi Nagar', ' Bairaveshwara Industrial estate', ' Lakshman Nagar', ' Hegganahalli', ' Sanjeevini Nagar', ' Gajanana Nagar', ' Sunkadakatte']",1879,Dasarahalli,16766
198,Veena Nagaraju (BJP),11385,24311,Backward Category A (Women),28.59,Hemmigepura,319,"['Part I: Existing RR Nagar CMC ward No. 19', ' Part II: Kengeri Upanagar (P)', ' BEML Layout', ' Mailsandra', ' BHEL Layout', ' Patanagere', ' Remco Housing Society', ' BHEL 2nd Stage', ' Sri Krishna Garden', ' BEML Layout 7th Stage', ' Kodipalya', ' Sunkalpalya', ' Srinivaspur', ' BSK 6th Stage 11th Block', ' Meenakshi Residency Layout', ' Annapurneshwari Layout', ' BSK 6th Stage 9th And 10th Block', ' BSK 6th Stage 2nd Block', ' BSK 6th Stage 7th Block', ' Omkar Layout', ' BSK 6th Stage 4th Block', ' Aditya Layout', ' Sunilmitra Layout', ' Sri Balgi Layout', ' BCMEHS Layout', ' Bank Officers Layout', ' BCMC Layout', ' Vajrahalli', ' BCC Layout', ' Pearl Garden', ' Paramount Garden', ' Thalghattapura', ' Judicial Layout 2nd Stage', ' Hemegepura', ' Ganakal', ' Hosahalli', ' Lingadheeranahalli', ' Raguvanahalli', ' Somapura', ' Varahasandra', ' UM Kaval (P) (Boundary described for Part II only)']",3997,Yeshwanthpur,12926
72,A.M.Hanumanthegowda (JD (S)),9247,19668,Backward Category B,7.7,Herohalli,549,"['Horanadu Annapoorneshwari Layout', ' Nagaravale Nagar', ' Janapriya Nagar', ' SBI colony', ' Mahadeshwara Nagar', ' KSRTC Layout', ' Muddeshwara Layout', ' Venkateshwara Layout', ' Syndicate Bank Housing Society Layout', ' Herohalli', ' L and T Layout', ' Anjana Nagar', ' Byadarahalli', ' Bharath Nagar I Phase', ' BEL Layout I Stage', ' SMV Layout', ' BEL Layout II Phase', ' Bharath Nagar II Phase', ' SMV VI and VII block', ' Janatha colony', ' Vishveshwaraiah Layout', ' SMV Layout 8th Phase', ' Gidada Konenahalli', ' Byraweshwara Nagar', ' SMV Layout Nagar', ' Janapriya Apartment']",2026,Yeshwanthpur,10421
38,Asha Suresh (INC),13483,29764,General (Women),5.21,HMT Ward,942,"['Muneshwara Nagar', ' Yashwanthpur Industrial Area', ' Platinum City', ' Netaji Nagar', ' Peenya', ' Peenya Industrial Area II Phase', ' CMTI Quarters', ' Civil Engineers Quarters', ' Gurguntepalya (P)']",3761,Rajarajeshwari Nagar,16281
145,D.Chandrappa (Independent),17762,36455,General,1.41,Hombegowda Nagara,221,"[u'Sudhama Nagar', u' Hombegowda Nagar', u' Wilson Garden', u' NGO\u2019s colony', u' Chinnayanapalya', u' Gupta Layout (P)']",3979,Chikkpet,18693
189,Sukanda (BJP),10751,23058,Backward Category B,2.16,Hongasandra,282,"['Om Shakti Layout', ' NR Reddy Layout', ' Nandishwar Layout', ' Muniyappa Layout', ' MSR Layout', ' Munireddy Layout', ' Hongasandra', ' Mico Layout', ' Chamundi Nagar', ' SR Naidu Road', ' Golden Nagar', ' Kaveri Nagar', ' Manjunath Industrial Estate', ' Madina Nagar', ' Mangammanapalya (P)']",1529,Bommanahalli,12307
25,Tejaswini N. Raju (BJP),13471,28167,General (Women),17.32,Horamavu,666,"['Nagreshwara Nagenahalli', ' Kottnur', ' K. Naraynapura', ' Geddalahalli', ' Amani Byrathikhana', ' Horamavu Agara', ' Chalkere', ' Horamavu', ' Banjara residency', ' Horamavu', ' Agara Kere', ' Jyanthi Nagar', ' Asirwada Colony', ' M. Vishveswaraiah Nagara', ' Ragavendra Nagara', ' Muneshwara Nagar', ' Yerrayana Palya', ' Bovi Colony', ' Rammurthy Nagara', ' BSV Reddy Layout', ' Apparao Layout', ' Dassappa Layout', ' Krishnareddy Layout', ' Pappamma Layout', ' Mukkutam Nagara', ' Vigneshwara Layout', ' Ramaiah Layout', ' Kalumantapa', ' Munireddy Layout', ' Nandanam Colony', ' Anjannappa Layout', ' Nanjappa Garden', ' Bank Avenue', ' Babu Sahib Palya', ' Vijaylakshmi Colony', ' Kyalasanahalli', ' Entire Kalkere Tank']",5677,K R Puram,14696
124,Dr.S.Raju (BJP),15441,32103,Backward Category A,0.89,Hosahalli,403,"['Hosahalli Extension (P)', ' Hosahalli', ' Vijayanagar 1st stage', ' DOS colony', ' Binny Layout', ' Ambedkar Layout', ' Telecom Layout', ' Chevappa Garden', ' Krishnappa Layout']",3613,Vijayanagar,16662
161,H.Narayana (BJP),10144,21185,General,1.34,Hosakerehalli,285,"['Banashankari 3 stage', ' Hosakerehalli', ' Dattatreya Nagar', ' Mookambika Nagar', ' Vidyhasagar', ' NCERT', ' PES Institute of technology']",1192,Padmanabhanagar,11041
80,Savitha (BJP),17849,35890,Scheduled Caste,2.05,Hoysala Nagar,220,"['Jayarajanagar', ' Lakshmipura', ' Indiranagar 2nd Stage', ' Shastrinagar', ' Hutting Colony', ' Defence Colony', ' Hoysala Nagar (Murphy Town)', ' Old Tippasandra', ' HAL 2nd stage (P)']",10775,C V Raman Nagar,18041
174,Latha.K (BJP),11534,24749,General (Women),6.98,HSR Layout,303,"['HSR Layout 1 to 4 and 6 to 7 sectors', ' Sector 5 (P)', ' Vinayaka Nagar', ' Yellukunte (P)', ' BDA Layout', ' Parangi Palya', ' Vanganahalli', ' CPW quarters', ' Agara', ' Ibluru', ' Agara kere', ' Aralukunte']",2723,Bommanahalli,13215
54,B.A.Basavraju (INC),9624,20700,Backward Category A,15.3,Hudi,297,"['Part I: Byrathi village', ' Part II: Bilishivale village', ' Part III: Varanasi village', ' Part IV: Ayyappa Nagar', ' Gangotri Layout', ' Anurag Layout', ' Kodagehalli', ' Basireddy Layout', ' Srivari Layout', ' NRI Layout (Varanashi)', ' Chikkmaraiah Layout', ' NAL South Layout', ' Asha Layout', ' Kuvempu Layout', ' Singhs Colony', ' Ganga Nagar', ' Saketh Nagar', ' SJR Eternity Layout', ' Kumbena Agrahara', ' Belathur', ' Belathur Colony', ' Sathya Sai Colony Sadarmangala', ' Mahadevapura Industrial Area', ' Hudi (P)', ' Tigalarapalya', ' ITPL', ' Kodagehalli Kere (Boundary described for Part IV)']",4364,Mahadevpura,11076
136,Seema Khanum (INC),16188,33758,General (Women),0.63,Jagajivanaramnagar,342,"['Devaraj Urs Nagar', ' Goripalya', ' Old Guddadahalli', ' Jagajivanaram Nagar (P)']",5330,Chamarajpet,17570
173,Saraswathamma (BJP),11043,24088,General (Women),1.52,Jakkasandra,536,"[u'KSRP Quarters', u' Teachers colony', u' Jakkasandra', u' Venkatapura', u' HSR Layout \u2013 Sector 5 (P)']",2829,B T M Layout,13045
5,Muneendra kumar K.V (BJP),10058,20964,General,23.96,Jakkuru,327,"['Kattigenahalli', ' Bellahalli', ' Srinivasapura', ' Thirumenahalli', ' Chokkanahalli', ' Astra Zenca Factory', ' Vinayaka Nagar', ' GL Raju colony', ' Thayamma layout', ' Ramanna Garden', ' Baba Nagar', ' Sri Krishna Garden', ' Defence Residency', ' Sri Balaji Residency', ' Kattigenahalli kere', ' Sapthagiri Layout (near Kattigenahalli kere)', ' Kogilu', ' Kogilu kere', ' Tippu Nagar', ' Kogilu Layout', ' Vinayaka Layout', ' Gowdaramaiah layout', ' Kaliti muniswamappa layout', ' Prakruthi Layout', ' NKF Layout', ' Balihalli - MS Nagar', ' Marisondappa layout', ' Thirumenahalli layout', ' Thirumenahalli', ' Agrahara Layout', ' Krishna Nagar Enclave', ' Balaji Layout', ' Pooja Mahalaxmi Layout', ' Chamundi Layout', ' KPSC Layout', ' Vidhana Soudha Layout', ' Shivanahalli (P)', ' Basaveshwara Nagar (P)', ' Jakkur kere', ' Jakkur village (P)', ' Sampigehalli', ' Arkavathi Layout 2nd 3rd & 7th blocks', ' Maruthi Layout', ' Somappa Layout', ' Agrahara', ' Agrahara kere', ' LHS Yelhanka Layout', ' Chokkanahalli layout', ' Noor Nagar', ' Thirumenahalli layout', ' Basavalingappa Nagar (P)', ' MoC co-op society layout', ' G Gundappa Reddy Layout', ' Srirampura', ' Telecom Layout', ' MCEHS layout', ' MCHS Layout', ' Venkateshwara nagar']",3470,Byatarayanapura,10906
16,R. Narayana Swamy (INC),13950,29037,Scheduled Caste,5.16,Jalahalli,1156,"['HMT staff quarters', ' Jalahalli', ' BEL quarters', ' Khatha Nagar', ' Siddarth Nagar', ' Ayyappa Nagar']",6257,Rajarajeshwari Nagar,15087
186,Suguna Balakrishna (BJP),10780,23299,General (Women),1.28,Jaraganahalli,248,"['Shivananda Nagar', ' Bheraveshwar Layout', ' Chikkaswamy Layout', ' Mahatma Gandhi Layout', ' Krishnamaraju Layout', ' Abbareddy Layout (P)', ' JP Nagar 6th Phase', ' Govindappa Layout', ' Honneyappa Layout', ' Jyothi Layout', ' Jarganahalli', ' Sri Swamy Layout', ' Puttenhalli Kere']",830,Bommanahalli,12519
46,Govindraj N (INC),14390,30743,General,0.89,Jayachamarajendra Nagar,272,"['RT Nagar', ' Hanumanthappa Layout', ' Chunchappa Block', ' JC Nagar']",2465,Hebbal,16353
63,M.K.Gunashekar (INC),12051,24065,General,1.44,Jayamahal,380,"['Jayamahal Extension', ' Railway Qrts', ' Sultangunta', ' Swamy Shivanandapuram (Taskar town)', ' Balappa Garden']",3291,Shivajinagar,12014
153,Gangambike (INC),17790,35963,General (Women),2.5,Jayanagar,220,"['Basavanagudi (P)', ' Kanakanapalya', ' Jayanagar 1st and 2nd blocks', ' Jayanagar 3rd East block', ' RBI Extension', ' RBI colony', ' S R Krishnappa Garden']",3743,Chikkpet,18173
170,Muni Sanjeevaiah (INC),14882,30846,Backward Category A,1.01,Jayanagar East,188,"['NAL Layout', ' URS Colony', ' Jayanagar 9th Block', ' KEB Colony', ' Vysya Bank Colony']",5274,Jayanagar,15964
88,K.Chandrashekhar (BJP),17131,36152,Scheduled Caste,1.89,Jeevanbhima Nagar,281,"['HAL 1st and 2nd stage (P)', ' Kodihalli', ' Shivalingaya Colony', ' Anandapuram', ' Jeevanbhima Nagar', ' Sudham Nagar']",8116,C V Raman Nagar,19021
129,Govindaraju (INC),12131,25889,Backward Category B,12.19,Jnana Bharathi ward,649,"['Bhairaveswara Layout', ' Hanumantha Nagar', ' Sunkadakatte', ' Basaveshwara Nagar', ' Annapurneswari Nagar', ' Durgaparameswari Layout', ' Rajiv Gandhi Nagar', ' Nagarbavi 2nd Stage 2nd  -6th  -12th Blocks', ' Veeranapalya', ' Narsapura', ' Arogya Layout', ' Obarappa Layout', ' Pappreddy Palya', ' Gowramma Layout', ' Chandrashekar Layout', ' Vishveswaraiah Layout 9th Block', ' KHDS Layout', ' Kadukudere Layout', ' ITI Employees Layout', ' MPM Layout', ' Kengunta', ' Malathalli', ' NGEF HBCS Layout', ' HMT Layout', ' Railway Layout', ' Jnanajyothi Nagar', ' Balaji Layout', ' NGEF Layout', ' Sri Hari Layout', ' Ganganagar', ' Tubsamma Layout', ' Bavani Nagar Layout', ' Munneswar Nagar', ' Annapurneswari Layout', ' Govt. Press Layout', ' Jnanaganga Layout', ' Jnana Barathi (Bangalore University)', ' Sapthagiri Layout', ' Forest Layout']",3732,Rajarajeshwari Nagar,13758
89,M.Goutham kumar (BJP),16901,34611,General,0.91,Jogupalya,661,"['Linagayanapalya', ' Jogupalya', ' Saraswatipura', ' G Street Laxamma Layout', ' Nandanavanam Streets', ' Doddayya Layout', ' Someswarapura Layout (p)', ' Motappa Palya', ' Appareddy Palya', ' Shammana layout']",3570,Shanthinagar,17710
177,N.Chandrashekhar Raju (BJP),13761,28508,Backward Category A,1.79,J P Nagar,457,"['JP Nagar 2nd Phase', ' JP Nagar 3rd Phase', ' JP Nagar 4th Phase (Sarakki Dollar Layout)', ' Shivananda Sharma Memorial RV College']",2497,Jayanagar,14747
17,B.R.Nanjudappa (BJP),16545,35174,General,2.05,J P Park,736,"['Poornappa Garden', ' Sundar Nagar', ' Gokul Extension', ' Badappa Garden', ' Muthyalamma Nagar', ' Tannirahalli', ' Matthikere kere (J P Park)', ' SBM Colony', ' Brindavan Nagar', ' Mohan Kumar Nagar', ' HMT Layout']",3344,Rajarajeshwari Nagar,18629
29,Padmanabhareddy (JD (S)),13981,29018,General,1.72,Kacharkanahalli,321,"['Kariyanna Palya', ' St. Thomas Town', ' Kammanahalli', ' Indra Nagar', ' Nagadevi Industrial area', ' Sena Vihar', ' Sait Palya', ' HBR 2nd - 3rd Layout', ' Keshav Nagar', ' Kacharkanahalli', ' Jalavayu vihar', ' Kalyana Nagar']",2593,Sarvagna Nagar,15037
83,K.N.Anjaneya Reddy (INC),10149,22205,General,11.88,Kadugodi,172,"['Channasandra', ' Kadugodi Plantation', ' Maruthopu', ' Kadugodi', ' Subbanna extension', ' Vijayalakshmi colony', ' Siddarth Layout', ' Patallama layout', ' VR reddy colony', ' Muniswamy layout', ' Sri Sai layout', ' FCI Staff Quarters', ' FCI', ' Nanjappa Reddy layout', ' AK Gopalan colony', ' Kadugodi Industrial Area', ' Kadugodi Colony', ' Police Quarters', ' VS reddy Colony', ' Prashanth Extension', ' Mythri Extension', ' Ambedkar Nagar']",4557,Mahadevpura,12056
30,Shaheen Taj (INC),16940,34842,General (Women),0.71,Kadugondanahalli,59,"['Kadugondanahalli', ' HRBR Layout 1st block', ' Narasimha Layout KG Halli', ' Venkateshpura', ' Pillanna Garden']",3897,Sarvagna Nagar,17902
65,G.Manjunath Raju (BJP),17083,34053,Backward Category A,1.36,Kadu Malleshwar Ward,138,"['Malleshwaram', ' Ranganathpuram', ' Vaiyyalikaval (P)', ' Maruthi Nagar']",612,Malleshwaram,16970
101,K.Ranganna (BJP),12104,25742,General,0.91,Kamakshipalya,321,"['BEML Layout', ' West of Chord Road I Stage', ' Meenakshi Nagar', ' Cauvery Nagar', ' KHB Colony', ' AK Colony', ' Ashtagrama', ' Karekallu', ' Kamakshipalya']",2004,Rajajinagar,13638
28,M.C.Srinivas (BJP),16894,34819,General,1.03,Kammanahalli,213,"['Kammanahalli', ' Ramaswamy Palya', ' Subbayya Palya', ' Maruthi Seva Nagar (P)']",4031,Sarvagna Nagar,17925
166,Jyothi Shri Harireddy (INC),14761,30206,General (Women),1.1,Karisandra,365,"['JayaNagar 7th Block', ' National College', ' Karisandra']",2575,Padmanabhanagar,15445
163,D.Venkatesh Murthy (BJP),16967,35736,Backward Category A,1.11,Katriguppe,167,"[u'Srinivasanagar (P)', u' Siddhi Vinayaka Housing colony', u' Vivekananda Nagar', u' Poorna Prajna Housing Layout', u' Banasankari 3rd Stage \u2013 4th 6th and 8th blocks', u' Kathriguppe', u' Siddarth Layout']",574,Basavanagudi,18769
32,Y.R.Gowramma (BJP),12636,26550,General,1.59,Kaval Bairasandra,178,"['Ranka Nagar', ' P and Colony (P)', ' Srinivasa Layout', ' Quaters Colony', ' Bheemanna Layout', ' MM Layout', ' Ratan Singh Layout', ' Kaval Bairasandra', ' Nagappa Layout', ' AMC Layout', ' Muniveerappa Layout', ' HBR Layout 2nd Stage', ' Anand Layout', ' Shamannagowda Layout', ' Adarsh Nagar', ' Pioneer Defence Housing Colony', ' Appajappa Layout', ' Shampura New Extension', ' Ananda Gokula Layout', ' Krishnappa Layout', ' Kaveri Nagar', ' Sultanpalya']",3669,Pulakeshinagar,13914
103,R.Prakash (JD (S)),15982,35256,General,1.64,Kaveripura,524,"['Kamakshipalya Industrial Estate', ' Pete Chennappa Industrial Estate', ' Kaveripura Priyadarshini Layout', ' Ranganathpura', ' HVR Layout', ' Syndicate Bank Colony', ' Prashanth Nagar Colony', ' Sampige Layout', ' Rajiv Nagar', ' Srishaila Nagar', ' Muneswara Nagar', ' Pattigara Palya', ' Saraswathi Nagar']",924,Govindrajnagar,19274
122,Nirmala (INC),16381,33736,Backward Category A (Women),0.36,Kempapura Agrahara,914,"['Kempapura Agrahara (P)', ' Mariyappana Palya']",894,Vijayanagar,17355
1,Y.N.Ashwatha (BJP),10376,21866,Backward Category B,10.47,Kempegowda Ward,430,"['Govindapura', ' Kulappa Layout', ' Vasudevapura', ' Kendriya Vihar', ' Manchenahalli', ' Yelahanka (P)', ' Yelhanka Airport Area', ' Maheshwari Nagar', ' Sai spring field colony', ' Gandhi Nagar', ' Lake view residency', ' Nehru Nagar', ' Venkatala', ' Surabhi Layout', ' Venkatappa Layout', ' Shobha Ultima villas', ' Venkatala Layout', ' Mantri township', ' Vikas layout', ' Yelahanka Kere', ' Shankaranna Layout', ' Sathyappa Anjanappa Kempamma Layout', ' Shivanahalli (P)', ' Maruthi Nagar', ' Sapthagiri Layout (P)', ' Jayanna Layout', ' Basaveshwara Nagar (P)', ' Bhadranna Layout']",1912,Yelahanka,11490
159,R.Anjanappa (BJP),11991,24870,General,4.77,Kengeri,220,"['Classic County Layout', ' Gandhi Nagar', ' Kengeri Satellite Town', ' Vishveshwraiah Nagar', ' Basaweshwar Layout', ' Oddarahalli', ' Sri Kanteshwar Layout', ' Kengeri Satellite Town 3rd Stage (P)', ' Krishnappa Garden', ' Volagarahalli', ' Muddanna Garden', ' Harsha Layout', ' Kengeri', ' Babasaheb Layout', ' BSM Extension']",2440,Yeshwanthpur,12879
8,Ashwath Narayana gowda (BJP),10110,21635,Backward Category B,3.81,Kodigehalli,372,"['Sahakara Nagar (P) B - C & D blocks -', ' CQAL layout', ' Kodigehalli village', ' Sonegowda Layout', ' Maruthi Nagar', ' AMCO Layout', ' Ashwathappa Layout', ' Shanbhog Narayanappa Layout', ' TATA Nagar', ' IISc Layout', ' Kannuramma Layout', ' Devi Nagar', ' Lottegollahalli', ' Maruthi Nagar (Near Ring road)', ' Badrappa Layout', ' Balaji Layout', ' Hebbal Kere', ' Shantivana']",2724,Byatarayanapura,11525
195,S.Shashirekha Jayaram (BJP),9519,20181,General (Women),3.42,Konankunte,173,"['Omshakthi Layout', ' Puttenahalli', ' Raghavendra Nagar', ' Eshwara Layout', ' RBI Colony', ' Nataraj Layout', ' Santhrupti Layout', ' Muniswamy Layout', ' Sun City Layout', ' South City Layout', ' Raghavendra Layout', ' Sai Enclave', ' Aradhana Layout', ' MS Ramaiah City', ' Kottanur Village', ' Krishna Nagar', ' Maruthi Nagar', ' Shreyas Colony', ' Navodhaya Nagar', ' Poornima Nagar', ' Nrupathunga Layout', ' Sankranti Layout', ' Gourava Nagar', ' JP Nagar 7th Phase', ' Annaporneshwari Nagar', ' Srinidhi Layout', ' Mysore Bank Colony', ' New Bank Colony', ' Chunchugatta', ' Patel Narayanswamy Layout', ' Mahendra Singh Layout', ' Konankunte']",1032,Bangalore South,10662
113,M.Chandrappa Reddy (BJP),13865,29344,General,2.12,Konena Agrahara,110,"['Corporation Colony', ' Muniyellappa Graden', ' Rustum Bhag Layout', ' Rustum Bhag', ' N R Layout', ' Murgesh Palya', ' K R Garden', ' Vinayaka Nagar', ' Manjunath Layout', ' Sowmya Layout', ' Air View Colony', ' Raviprakash Nagar', ' MES Colony', ' Konena Agrahara', ' Ramagiri Nagar', ' Sriram Nagar', ' Amnamma Layout', ' Muniyappa Layout', ' Cauvery Nagar', ' BDA Colony', ' Nanjappa reddy colony']",4133,C V Raman Nagar,15479
151,B.N.Kokila (INC),16925,35359,Backward Category A (Women),3.71,Koramangala,232,"['K R Garden', ' Koramangala 6th block', ' KHB block', ' Kathali Palya', ' Koramangala 4th B block', ' Koramangala 5th and 5th A block', ' KHB colony', ' John Nagar', ' Nirmala block', ' Mestri Palya', ' Koramangala 3rd block', ' Jakkasandra block', ' Koramangala 1st and 1st A blocks', ' SBI colony', ' Koramangala 2nd block', ' Koramangala 8th Block and Kormangala Village']",3246,B T M Layout,18434
73,S.Venkatesh Babu (BJP),13288,29100,General,5.84,Kottegepalya,431,"['Kempegowda Nagara (P)', ' Kempegowda Layout (P)', ' Choudeshwari Nagar', ' Premnagar', ' Sreenivas Nagar', ' Sunkadakatte', ' AshwathNagar', ' Muktharayaswamy Layout', ' TelephoneEmployees Layout', ' Beggars Colony', ' Rudeshwara Nagar', ' Narasimharaja Palya', ' Sajjepalya', ' Kottegepalya', ' Nagarbavi 2nd Stage 1st - 3rd - 5th  - 7th  - 8th  -9th  - 10th  - 11th Block', ' Krishnanda Nagar', ' Malegalu', ' IncomeTax Layout', ' Marilingappa Extn', ' Vinayaka Layout', ' Srighanda Nagar (P)']",2299,Rajarajeshwari Nagar,15812
139,G.A.Ashwath Narayan (JD (S)),13532,28514,Scheduled Caste,0.81,K R Market,360,"['Cottonpete', ' Ranasinghpete', ' Old Tharagupete', ' K R Market', ' New Tharagupete', ' Tippu Nagar']",8845,Chamarajpet,14982
52,N.Veeranna (BJP),12573,26485,General,5.12,K R Puram,491,"['Krishnarajapura', ' Hosa Basavanapura', ' ITI North Colony (P)', ' Gangadhara kere', ' Vangayyana kere']",2483,K R Puram,13912
181,Suresh .H (BJP),16735,35384,Backward Category A,1.87,Kumaraswamy Layout,426,"['Kadirenahalli', ' Bendre Nagar', ' Kumaraswamy layout 1st and 2nd stage', ' ISRO layout', ' Kanakagruha layout', ' Vsasudha Bhavan', ' Dayananda Sagar Engineering Collage']",1428,Padmanabhanagar,18649
31,Noor Jahan (INC),16540,34046,General (Women),0.65,Kushal Nagar,129,"['Anwar block', ' Ashok Nagar', ' Kushal Nagar', ' Kadugondanahalli (P)', ' P and T Colony', ' Chikkanna Layout', ' Muslim Colony', ' Muneshwar Nagar']",5167,Pulakeshinagar,17506
11,Yashodamma.K.R (Independent),11806,25295,Backward Category A (Women),7.59,Kuvempu Nagar,942,"['Sudguru Layout', ' Kanshiram nagar', ' Anand Garden', ' Shingapura', ' Shingapura kere', ' Vinayaka Nagar', ' Varadharaja Nagar', ' Air Force area', ' Jalahalli East', ' Raghuram Layout', ' Ramachandrapura', ' Kalatturu Layout', ' Jarkhabandi State Forest', ' H V V Valley layout', ' Vishveswariah Enclave', ' Naidu Layout', ' Kuvempu Nagar', ' Venkatesh Nagar', ' Muniswamiappa Layout', ' Simhadri Layout', ' Govindayyana Palya (P)', ' Raghavendra Colony', ' Defence Layout', ' Ganesh Layout', ' M S Palya', ' Gangammangudi']",4961,Byatarayanapura,13489
69,Lakshmikantha reddy (BJP),11945,25370,General,1.58,Laggere,454,"['Preethi Nagar', ' Vidhana Soudha Layout', ' Freedom Fighters Colony', ' Laggere', ' Narashima Murthy Nagar', ' LG Ramanna Colony Muneshwara Nagar', ' Rajeshwari Nagar', ' Rajiva Gandhi Nagar']",1403,Rajarajeshwari Nagar,13425
146,K.Mahesh babu (BJP),13394,28303,General,1.29,Lakkasandra,422,"['Pothulappa Garden', ' Eramma Layout', ' MICO Area', ' Adugodi (P)', ' Pukaraj Layout', ' Nanjappa Layout', ' Rangadasappa Layout', ' Govardhan Nagar', ' Chandrappa Nagar', ' Lakasandra', ' Sattar Layout', ' Lalji Nagar', ' V K Rangaswamy Layout', ' Sampangi Ram Nagar', ' NIMHANS Staff Quarters', ' Mahalingeshwar Layout', ' KMF Area', ' Chikkalakshmaiah Layout', ' Gupta Layout (P)']",4562,B T M Layout,14909
42,Thimmaraju (BJP),12153,25578,Backward Category A,1.33,Lakshmi Devi Nagar,704,"['Goragunte playa (P)', ' Lakshmidevi Nagar', ' Kempamma Layout', ' Kaveri Nagar', ' Nandini Layout I Stage', ' Narasimha Layout', ' Yeshwanthpur Industrial Suburb (P)', ' Jenakal Siddeshwara Nagar']",4568,Rajarajeshwari Nagar,13425
49,Lavanya Ganesh Reddy (INC),16108,32375,General (Women),0.89,Lingarajapura,289,"['Lingarajapura', ' Ramaswamy Palya']",5013,Sarvagna Nagar,16267
172,B.N.Manjunath Reddy (INC),16034,35155,General,1.16,Madivala,555,"['Tavarekere (P)', ' Madduraman Nagar', ' Chikka Madivala', ' Madivala', ' Dollar Scheme colony', ' Jai Bheema Nagar', ' BTM Layout 1st stage', ' Aicobo Nagar']",2658,B T M Layout,19121
68,S.Keshavamurthy (INC),16774,35976,Backward Category B,0.95,Mahalakshimpuram,311,"['Saraswathipuram', ' Mahalakshimpuram North Layout', ' SN Layout', ' AGB Layout', ' Maruthi Nagar', ' Geleyara Balaga Layout (P)', ' Sriram Nagar']",1258,Mahalakshmi Layout,19202
13,R.P.Shashi (BJP),12187,26253,Backward Category A (Women),1.31,Mallasandra,289,"['Rajanna Layout', ' Mallasandra (P)', ' Ravindra Nagar', ' Mathru Layout', ' Ayyappa Layout', ' BHEL Mini Colony', ' Kalayana Nagar', ' Prashanth Layout', ' Muneswara block']",2749,Dasarahalli,14066
45,N.Jayapala (INC),17327,36321,Backward Category A,1.81,Malleswaram,367,"['Malleswaram (P)', ' Yashwanthpura', ' Subedharpalya', ' Nanjappa Reddy colony']",3493,Malleshwaram,18994
190,Syed Haseena Taj (BJP),12766,27391,Backward Category A (Women),3.52,Mangammanapalya,159,"['Mangammanapalya (P)', ' Madina Nagar (P)', ' Gangamma Layout', ' ITI Layout', ' Priyanka Layout', ' Muneshwarappa Layout', ' Bandepalya', ' Hosapalya', ' HSR 2nd sector', ' Somasamudrapalya', ' Muneshwar Layout', ' Abbayya Layout', ' Munireddy Layout', ' Lakshmi Layout', ' Raghavendra Layout', ' Garebhavi Palya']",1918,Bommanahalli,14625
33,Fouzia Begum (INC),16577,34777,Backward Category A (Women),0.81,Manorayanapalya,169,"['Bhuvaneshwari Nagar', ' Chamundi Nagar', ' Dasappa Garden', ' Manorayanapalya (P)', ' Kauser Nagar', ' HMT Layout', ' P & T Colony', ' Rahamat Nagar', ' Anandppa Block']",838,Hebbal,18200
44,Lakshmi (JD (S)),15894,34002,General (Women),2.05,Marappana Palya,376,"['Gouthampura', ' RMC Yard', ' Marappana Palya', ' Mysore Sandal Soap Factory', ' Ashokpuram', ' Shankara Nagar', ' Corporation Bank Officers quarters', ' Krishnananda Nagar', ' Police Quarters Yashwanthpura Industrial Suburb (P)']",5202,Mahalakshmi Layout,18108
86,Varalakshmi.J (INC),10522,22489,Backward Category A (Women),3.1,Marathahalli,274,"['Marattahalli Yemalur', ' Marathahalli extension', ' Ashwath Nagar', ' Sanjay Nagar', ' Ramanjenaya Layout', ' Anand Nagar', ' Anand Layout']",4126,Mahadevpura,11967
125,N.Shankuntala (BJP),9638,20068,Backward Category A (Women),0.69,Marenahalli,391,"['Amarjyothi Nagar', ' Saraswathi Nagar', ' Kanaka Nagar', ' Marenahalli']",698,Govindrajnagar,10430
126,V.Vageesh (BJP),10363,21784,General,0.79,Maruthi Mandir ward,285,"['Madhura Nagar', ' Vinayaka Layout', ' GKW Layout', ' Vijayanagar (P)', ' Canara Bank Colony']",1072,Govindrajnagar,11421
59,R Rajendran (INC),17949,35811,Scheduled Caste,2.37,Maruthi Seva Nagar,89,"[u'BL Rice Nagar (St. Thomas town)', u' Balaji Layout', u' D\u2019Costa Square', u' Cooks town', u' Vivekananda Nagar', u' Jai Bharathi Nagar', u' Sanjeevappa Layout', u' Jeevanahalli', u' ITC Colony', u' KHB Colony', u' Sathya Nagar', u' Maruthi Seva Nagar (P)']",8453,Sarvagna Nagar,17862
36,Muniswamy Gowda (BJP),16790,35882,General,0.91,Mattikere,830,"['Sanjivappa Garden', ' Mattikere', ' Netaji Nagar', ' Mattikere Extension', ' Gokul Extension']",4459,Malleshwaram,19092
127,N.Shanthakumari (BJP),11671,24487,Backward Category A (Women),0.98,Mudalapalya,529,"['Panchasheela Nagar', ' Lakkappa Garden', ' Kurilingappa Garden', ' Annapurneshwari Nagar', ' Mudalapalya', ' Shantha Kaveri Gopala Nagar', ' Adarsha Nagar', ' Shakthi Nagar', ' Kalyana Nagar', ' Bairaveshwar Nagar']",854,Govindrajnagar,12816
48,S. Kriya Shailaja (JD (S)),14951,30508,Scheduled Caste,0.48,Muneshwara Nagar,33,"['Muneshwara Nagar', ' Muneshwara Nagar A block', ' Ambedkar Nagar', ' Periyar Nagar', ' Periyar Nagar AK colony']",6605,Pulakeshinagar,15557
67,S.Harish (BJP),17285,35553,Backward Category A,1.79,Nagapura,320,"['Rajajinagar Industrial Suburb', ' Geleyara Balaga Layout (P)', ' West of Cord road 2nd Stage 1st Block', ' Ketmaranahalli']",2520,Mahalakshmi Layout,18268
128,K.Umesh Shetty (BJP),9861,20269,General,1.6,Nagarabhavi,123,"['Chalukya Nagar', ' Hoysala Nagar', ' Nagarabhavi', ' Manasa Nagar', ' Madhura Nagar', ' Anand Jyothi Nagar', ' BDA Layout', ' Chandra Layout', ' Ahamad Nagar (P)', ' Teachers colony', ' Gangodanahalli']",1343,Govindrajnagar,10408
23,Irshad Begum (INC),17048,35264,General (Women),2.06,Nagavara,157,"['Govindapura', ' Byrappa Layout', ' Irshad Nagar', ' Nagavara', ' Nanjappa Layout', ' Shampura (P)', ' Gandhi Nagar', ' Kadugondanahalli', ' Hidayath Nagar']",4331,Sarvagna Nagar,18216
43,M.Nagaraj (INC),16205,34318,Backward Category A,1.41,Nandini Layout,548,"['Kanteerava Studio', ' Jayachamaraja Layout', ' AGB Layout', ' Saraswathipuram', ' Nandini Layout', ' Jai Maruthi Nagar', ' Maruthi Nagar', ' SN Layout', ' Sriram Nagar', ' Gelayara Balaga Layout', ' Kurubarahalli', ' Panchadeepa Colony', ' Srinivas Nagar', ' Jaibhuvaneshwari Nagar', ' Kanteerava Nagar', ' Prameela Nagar']",4421,Mahalakshmi Layout,18113
131,H.S.Rajeshwari (BJP),10891,22878,General (Women),2.07,Nayandahalli,379,"['Nayandahalli', ' Chandra Layout Extension', ' Chandra Layout II Stage', ' Metro Layout', ' Dr. Ambedkar Nagar']",3499,Govindrajnagar,11987
58,Sumithra Vijaykumar (BJP),16365,34577,General (Women),3.34,New Tippasandara,368,"['Michal Palya', ' HAL III Stage Seethappa Colony', ' Venkateshwara Colony', ' Puttappa Colony', ' Bhumireddy Colony', ' Annayappa Colony', ' LIC Colony', ' Bairasandra', ' Krishnappa Garden', ' KG Colony', ' Garkamanta palya', ' Binamangala', ' BM Kaval', ' 515 Colony', ' Patel Seethappa Colony', ' New Tippasandra']",2498,C V Raman Nagar,18212
116,Lokesh (INC),17326,36279,Scheduled Tribe,0.54,Nilasandra,1365,"['Nilasandra', ' Anepalya (P)', ' Dr. Ambedkar Nagar', ' Muniswamy garden (P)', ' Munigowda garden', ' EWS Corporation flats (P)']",4888,Shanthinagar,18953
96,Queen Elezabeth (INC),17266,35875,Scheduled Caste,0.83,Okalipuram,287,"['Ramachandrapura', ' Hanumanthapura', ' Okalipuram', ' Kasturi Nagar', ' Gopalpura (P)']",6352,Gandhinagar,18609
135,Nazni Begum (Independent),16842,35213,General (Women),0.31,Padarayanapura,110,"['Arafat Nagar', ' Vinayaka Nagar', ' Jai Bharat Nagar', ' Jagjivanram Nagar (P)', ' Padarayanapura']",378,Chamarajpet,18371
182,L.Srinivas (BJP),12323,25454,General,1.68,Padmanabha Nagar,111,"['Kattriguppe 4th phase (P)', ' Padmanabhanagar', ' RK layout', ' Brundavana layout', ' Rajiv Nagar', ' Regional Institute of Co-operative management', ' Syndicate Bank colony', ' Bharat Housing Society layout', ' Gowdanapalya kere']",1150,Padmanabhanagar,13131
168,C.K.Ramamurthy (BJP),15238,30989,General,1.75,Pattabhiram Nagar,179,"['Jayanagar 4th Block', ' Pattabhirama Nagar', ' 4th T Block ( Tilak Nagar)', ' Jayanagar 5th Block']",1473,Jayanagar,15751
41,K.L.Thimmananjaiah (Independent),12212,27467,General,5.59,Peenya Industrial Area,1595,"['Shivapura', ' Peenya Industrial Area III Phase', ' Dugalamma Colony', ' Parvathi Nagar', ' Rajeshwari Nagar', ' MEI Colony', ' Ganapathi Nagar', ' Peenya I Phase', ' Peenya IV Phase III Stage', ' Gruhalakshmi Housing Colony (P)']",1595,Dasarahalli,15255
98,K.Ravindran (BJP),16824,35465,General,0.56,Prakash Nagar,140,['Prakash Nagar'],1994,Rajajinagar,18641
78,Abdul Rakib Zakir (INC),14291,28149,General,1.72,Pulikeshinagar,77,"['Pulikeshinagar', ' Frazer Town', ' Claveland Town', ' Sindhi Colony', ' Railway Quarters (P)']",2474,Pulakeshinagar,13858
187,L.Ramesh (BJP),9450,20544,Backward Category A,2.87,Puttenahalli,383,"['Baroda Bank Colony', ' Puttenhalli', ' Vinayaka Nagar', ' Abbaya Layout (P)', ' JP Nagar 5th phase', ' Ayodhya Nagar', ' Ramaswamy Layout', ' Vinayaka Nagar', ' Anthappa Layout', ' Amalodbhavi Nagar (Doreswamypalya)', ' KrishnamRaju Layout', ' Venkatadri Layout', ' Sahyadri Layout', ' Panduranga Nagar', ' Bob Layout', ' Achappa Layout']",1176,Bommanahalli,11094
18,D.Venkatesh (BJP),12349,26211,Backward Category A,1.95,Radhakrishna Temple Ward,372,"['Lottegollanahalli', ' Venkatachary Nagar', ' HIG North By Outer Ring road colony', ' RMV II stage', ' Dollar apartment', ' Krishna Layout', ' Amarajyothi Layout (P)', ' Raj Mahal Vilas 2nd Stage 3rd Block', ' Naidu Layout (P)', ' Judicial colony', ' AECS Layout', ' Jaladarshini Layout', ' Geddalahalli']",3320,Hebbal,13862
70,Gangadhar.H.N (BJP),12913,28604,General,2.18,Rajagopal Nagar,606,"['Rajagopal Nagar', ' Byraveshwara Nagar', ' Rajarajeshwari Nagar', ' Kempegowda Housing Society', ' Shambhavi Nagar', ' Doddanna Industrial Estate', ' Indira Priyadarshani Nagar', ' Kapila Nagar', ' Annapoorna Nagar', ' Srigandha Nagar', ' Kareemsab Nagar']",2364,Dasarahalli,15691
99,H.R.Krishnappa (BJP),16010,33231,Backward Category A,0.86,Rajaji Nagar,241,"['Adaranha Layout', ' Indira Nagar', ' Manjunath Nagar', ' Basaveshwara Nagar', ' KEB Quaters', ' Rajajinagar 2nd block']",2175,Rajajinagar,17221
64,M.Vijaya Kumari (BJP),16721,33964,General (Women),0.73,Rajamahal Guttahalli,250,"['Vaiyyalikaval (P)', ' Malleswaram (P)', ' Rajamahal Guttahalli']",3922,Malleshwaram,17243
160,G.H.Ramachandra (BJP),11190,23282,General,11.35,Rajarajeshwari Nagar,306,"[u'Pramod House Building Society', u' Puspagiri Nagar', u' Bagegowda Layout', u' P S Reddy Layout', u' P G D\u2019souza Layout', u' Muneswara Nagar', u' Sharad D\u2019souza Layout', u' Javarayanadoddi', u' Suryavanshi Layout', u' Rajarajeshwari Nagar 2nd stage', u' Kenchanahalli', u' BHEL Layout', u' Ideal Homes', u' Bangarappa Nagar', u' Durga Nagar', u' Gurudatha Layout', u' Sapthagiri Layout', u' Haridas Nagar', u' Gottigere Layout', u' Sudarshan Layout', u' Gottigere', u' Halage Vaderahalli', u' Shivanna Layout', u' M G Layout', u' Papayya Layout', u' Durga Parameshwari Layout', u' RR Nagar 5th Stage', u' RR Nagar 3rd stage', u' BEML Layout', u' Basaveshwara Layout', u' Sudarshana Layout', u' Panchasheela Nagar', u' University Layout', u' Kalegowda Layout', u' Nandadeep Layout', u' Sachidanand Nagar', u' Channasandra Layout', u' Channasandra', u' Bharat Housing Society layout (P)', u' Happy Valley Layout (P)', u' Raja Gardenia (P)', u' Hosakerehalli kere', u' Halage Vaderahalli Kere']",2605,Rajarajeshwari Nagar,12092
26,M.Revanna (BJP),10669,21999,Backward Category A,7.87,Ramamurthy Nagar,247,"['Kalkere', ' K. Channasandra', ' Kanakanagara', ' Akshya Nagara', ' Dr. Ambedkar Nagar', ' Manjunath Layout', ' Chandravadana Layout', ' Ragavendra Extention', ' M. Vishveswaraiah Nagar', ' Kaudenahalli', ' Ramamurthy Nagar (P)']",3489,K R Puram,11330
62,Chandra N (INC),15545,32400,Scheduled Caste,0.83,Ramaswamy Palya,116,"['Rajappa Block', ' Kemapaiah block', ' Gundappa Garden', ' Anjanappa Garden', ' Narayana block', ' Anchappa Garden', ' Marappa Garden', ' Muddamma Garden', ' Krishnappa Garden', ' Chinnappa Garden', ' Ramaswamy Palya']",7046,Shivajinagar,16855
137,C.S.Radha Krishna (JD (S)),16021,32949,Scheduled Caste,0.45,Rayapuram,233,"['Padarayanpura (P)', ' Rayapuram', ' Ranganath Colony', ' Jagjivanram Nagar (P)', ' CAR Police Quarters (P)']",10777,Chamarajpet,16928
60,Palaniyammal.V (INC),17349,34874,Scheduled Caste,0.77,Sagayarapuram,132,"['Bagalur Layout', ' Sagayapuram', ' Richords town', ' Lazar Layout']",10444,Pulakeshinagar,17525
110,M.Gopi (BJP),16147,33120,Backward Category A,4.45,Sampangiram Nagar,375,"['Sampangiram Nagar', ' Police quarters', ' Sampangiram Nagar extension', ' Cubbon Park', ' Vidhana Soudha', ' Shivaji Nagar (P)', ' Commercial Street']",1503,Shivajinagar,16973
19,N.M.Krishnamurthy (BJP),11578,24178,Backward Category B,1.54,Sanjaya Nagar,237,"['Bhupasandra', ' Vinayaka Layout', ' Excise colony', ' RMS colony', ' Nagashettihalli', ' Yajamana Layout', ' AECS Layout', ' Sanjaya Nagar', ' BPEHCS Layout', ' Ramakrishnappa Layout', ' Naidu Layout (P)', ' Amarjyothi Layout (P)']",848,Hebbal,12600
178,S.K.Nataraj (BJP),12837,26707,General,1.34,Sarakki,173,"['Sarakki', ' JP Nagar 6th Phase', ' LIC Quarters']",1379,Jayanagar,13870
79,J.Bhuvaneshwari (BJP),17064,34943,Scheduled Caste,3.66,Sarvagna Nagar,261,"['Sarvagna Nagar', ' Doddakunte', ' Kathlipalya', ' New Baiappanahalli extension', ' Krishnamurthy Nagar']",12221,C V Raman Nagar,17879
179,B.Somashekar (BJP),11506,23239,Backward Category A,1.85,Shakambari Nagar,162,"['Jayanagar 8th Block', ' Jayanagar 5th Block', ' TMC Layout', ' J.P.Nagar 1st Phase', ' Shakambari Nagar']",607,Jayanagar,11733
74,Padmavathi Srinivas (JD (S)),16577,34530,General (Women),0.7,Shakthi Ganapathi Nagar,366,"[u'Basaveshwara Nagar', u' Kirloskar Colony', u' NGO\u2019s Colony', u' BEML Layout', u' Shakthi Ganapati Nagar']",5595,Mahalakshmi Layout,17953
75,M.Shivaraju (INC),16877,35679,General,1.08,Shankar Matt,308,"[u'Jayachamarajanagar', u' Kurubararahalli', u' SVKNagar', u' KHBS Layout', u' Shankarmatt', u' MGNagar', u' Jayachamarajendranagara', u' Sanjaygandhi nagar', u' Teacher\u2019s Colony', u' SriVenkateshwara Krupa Layout']",1280,Mahalakshmi Layout,18802
111,Shivakumar .K (Others),14655,30225,Backward Category A,3.99,Shantala Nagar,104,"['Shantala Nagar', ' Ashok Nagar', ' MEG area', ' Elagondanapalya', ' KSRP quarters', ' Victoria Layout', ' Austin Town (P)', ' Xavier Layout', ' Langford Gardens', ' Richmond Town (P)']",4033,Shanthinagar,15570
117,P.Sowmya (INC),17754,36426,General (Women),2.7,Shanthi Nagar,650,"['Shanthi Nagar', ' Richmond Town (P)', ' Langford Town', ' Anepalya (P)', ' Vinayaka Nagar', ' KSRTC quarters (P)', ' B & C Colony', ' Lakshminyamma Garden', ' Jalakanteshwara Nagara', ' Muniswamy Garden (P)', ' Akkitimmanahalli']",4113,Shanthinagar,18672
12,Sharadamma (BJP),13286,28309,Scheduled Caste (Women),8.97,Shettihalli,522,"['Abbigere', ' Myadarahalli', ' Chikkasandra', ' Shettihalli', ' Nisarga Layout', ' Abbigere kere', ' Someshwara Layout', ' Achappa Layout', ' Vijayalaxmi Layout', ' Abbigere Dinne', ' Abbigere Layout', ' Muniswamiappa Layout', ' V R Layout', ' Kalyana Nagar', ' Kala Nagar', ' Kammagondanahalli', ' Jalahalli West', ' Raghavendra Layout', ' Subramanya Layout', ' Sri Mahalaxmi Layout', ' Venkateshwara Layout', ' Vinayaka Layout', ' Kempe Gowda Garden', ' S M R Layout', ' Paschima County', ' R R Layout', ' Sandhya Nagar', ' Dasappana Palya', ' Athmiya Geleyara Balaga Layout', ' Sapthagiri Layout', ' Anjanadri Layout', ' M Babanna Layout', ' Mallasandra (P)', ' Krishna Nagar', ' Lake View Defence Colony', ' Cauvery Layout', ' Nandana Nagar', ' Brindavana Layout', ' Maruthi Nagar', ' Chikkanna Layout', ' Byraveshwara Nagar']",6418,Dasarahalli,15023
92,Farida (Independent),17284,35740,General (Women),0.43,Shivaji Nagar,402,"['Sultan Nagar', ' Old Karacha Palya', ' Shivaji Nagar (P)']",1438,Shivajinagar,18456
107,Manjunath (BJP),17039,35979,General,0.78,Shivanagara,271,"['Shivanagar', ' Bovi Colony', ' West of Chord road 6th Phase', ' Maha Ganapathi Nagar', ' Rajaji Nagar 3rd Block']",858,Rajajinagar,18940
144,M.Udayshankar (INC),15463,32194,General,0.66,Siddapura,186,"['Siddapura', ' Dayananda Colony', ' Arekempanahalli', ' Someshwar Nagar', ' NIMHANS campus']",4498,Chikkpet,16731
191,Kavitha Babu Raj (INC),9741,21410,General (Women),9.42,Singasandra,148,"['Chikk Beguru', ' AECS Layout', ' SRK Layout Green Garden Layout', ' Singasandra', ' Royal Homes Layout', ' HAL Layout', ' Vedanthachar Layout', ' Channakeshava Nagar', ' Electronic City', ' Vinayaka Nagar', ' GK Layout', ' Royal Country Layout', ' Sampangi Layout', ' Purappana Agrahar', ' Central Silk Board Employees Layout', ' Kudlu Veerappa Reddy Layout', ' Sai Shree Layout', ' Doctors Layout', ' Naganathapur', ' Bhuvaneshwar Layout', ' Infotech Layout', ' SMV layout', ' Kuppendra Reddy Nagar', ' Lake View Meenakshi layout']",2955,Bommanahalli,11669
61,Devika Rani Sridhar (INC),16552,33939,Scheduled Caste,1.31,S K Garden,88,"['Waheed Garden', ' Pottery town', ' SK Garden', ' Devarajivanahalli (P)', ' ITI Colony']",7226,Pulakeshinagar,17387
156,T.Thimmegowda (JD (S)),17252,36045,General,0.8,Srinagar,156,"[u'Harishta Nagar', u' Kalidasa Nagar', u' Pipeline Weaver\u2019s colony', u' Banashankari 1st Stage', u' Muneshwara block', u' Kallappa block', u' Srinagar', u' Dasarahalli (P)', u' Dasarahalli south block', u' Nagendra block', u' SBM colony']",272,Basavanagudi,18793
108,M.G.Jayarathna (BJP),16265,33613,Backward Category A (Women),1.06,Sriramamandir,285,"['Rajaji Nagar IV Block', ' Rajaji Nagar V Block', ' Rajaji Nagar VI Block (P)', ' Jedehalli', ' 4M block SSI Industrial area', ' Bashyam Nagar', ' Gobbanna Industrial area']",905,Rajajinagar,17348
95,T.Mallesh (INC),17264,35427,Scheduled Caste,1.32,Subhash Nagar,441,"['Jai Bhimanagar Slum', ' Swatantra Nagra', ' PNR North nagar', ' Srirampuram', ' Vivekanada Nagar', ' Hanumanthappa colony', ' Shastri Nagar', ' Railway station', ' Subhash Nagar']",11378,Gandhinagar,18163
66,Shashikala Kiran S (BJP),17007,34883,General (Women),0.94,Subramanya Nagar,294,"['Subramanya Nagar', ' Milk colony']",1040,Malleshwaram,17876
152,G.Manjunath (BJP),16569,35910,General,1.74,Suddagunte Palya,299,"['Suddagunte palya', ' Venakateshwar Layout', ' Kaveri Layout', ' Bhurappa Layout', ' Jogi slum', ' Chikka Adugodi', ' Bovi Colony', ' Bharath Nagar', ' Krishnamurhy Layout', ' Brindavan Nagar', ' Ramaiah Garden', ' Maruthi Nagar', ' Balaji Nagar', ' Bharathi Layout', ' Bhavani Nagar']",3193,B T M Layout,19341
118,Avvai .A (INC),15650,32202,Scheduled Caste,1.01,Sudham Nagara,303,"['Rajaram Mohanroy extension', ' Srinivas Colony', ' Vinoba Nagar', ' Sudham Nagar (P)', ' Kalasipalya (P)']",8344,Chikkpet,16552
142,P.N.Sadashiva (BJP),17513,36158,General,1.49,Sunkenahalli,243,"['Vinayaka Extension', ' Kempegowda Nagar', ' Gandhi Bazar', ' Sunkenahalli', ' Shankarapuram']",1966,Chikkpet,18645
15,Puttamma (BJP),11687,26050,General (Women),0.88,T Dasarahalli,187,"['Maheswari Nagar', ' T Dasarahalli', ' Om Colony']",1364,Dasarahalli,14363
6,Lalitha (JD (S)),10018,20402,Backward Category A (Women),9.97,Thanisandra,147,"['Thanisandra', ' Rachenahalli', ' Dasarahalli', ' CAR Quarters', ' Balaji Krupa Layout', ' Basavalingappa Nagar (P)', ' R K Hegde Nagar', ' Kaveri Nagar', ' Prashanth Nagar (P)', ' Chowdappa Layout', ' Nandanavana Layout', ' BDS Layout', ' Sirdi Sai Rathan Layout', ' Railway mens layout', ' Vidya Layout', ' Bhagyashree Royal Layout', ' Chamundeswari Layout', ' Arogyappa Layout', ' Mestri Palya', ' Jingarappa Layout', ' Rachenahalli kere', ' Maruthi Layout', ' Prakruthi colony', ' Buvaneshwari Nagar', ' Mariyanna Palya', ' Nandana Residency Layout', ' Defence Layout', ' Defence enclave 2', ' Manyata Residential layout', ' Defence colony', ' Bharat Nagar', ' Sarai Palya', ' Ashwath Nagar', ' Settigere Muniyappa Layout', ' Amara Jyothi Layout', ' Krishnappa Layout', ' MCECHS Sanchar Nagar', ' Alankar Nagar (Sajid Nagar)', ' Muninangappa Layout', ' Vidya Sagar Layout', ' Rasool Sab Layout', ' Tuba Layout', ' MS Ramaiah North city']",3924,Byatarayanapura,10384
130,Rajanna (INC),9864,20332,Backward Category A,8.92,Ullalu,207,"['Vishveshweraiah Nagar 6th Block', ' Ambedkar Nagar', ' Ullalu Upanagar', ' Upakar Layout', ' SMV 5th Block', ' SMV 4th Block', ' AGS Layout', ' SMV 3rd Block', ' Vinayaka Layout', ' Ghavipuram HBCS Layout', ' Jnanabharati Layout 2nd Stage', ' KPSC Layout', ' Subash Nagar', ' Jagajothi Nagar', ' Bhuvaneshwari Nagar', ' Mariyappanpalya', ' Kalyan Housing Society Layout', ' RR Layout', ' Nagadevanahalli', ' Doddagollarhatti', ' Maruthi Nagar', ' SMV 1st Block', ' Sonnenahalli', ' Oddarapalya', ' Kengeri Satellite Town 3rd Stage (P)', ' Panthar Palya']",3751,Yeshwanthpur,10468
184,Ramesh Raju.K (BJP),10384,21845,Backward Category A,8.99,Uttarahalli,449,"['Hanumagiri Hill', ' Sriramachandrapur', ' Naidu Layout', ' Srisri Nagar', ' Anjaneyaswamy Layout', ' AGS Layout', ' Gaviyappa Thimmayya Layout', ' Best Club and Apartment', ' Purnapragna Layout', ' Hemavathi Layout', ' Kodipura', ' Vinayaka Layout', ' Uttarhalli', ' Srinivas Colony', ' Arehalli', ' Shridini Layout', ' Vaddarpalya', ' Simhadri Layout', ' Patel Munivenkatappa Layout', ' Vallab Nagar', ' Friends Colony', ' Subramanyapura', ' Saptagiri Layout', ' Dorai Kere', ' Rajanna Industries Layout', ' T Laxmayya Layout', ' Paramahansa Layout', ' Yadalam Nagar', ' Adi Narayan Colony', ' Bhuvaneshwari Nagar', ' Vasanthpura', ' Vinayaka Nagar Layout', ' Gubbalallu Layout', ' Huchappanpalya', ' Maruthi Nagar', ' Vasanth Vallaba Nagar 2nd Block', ' Raja Rajeshwari Layout', ' Jayanagar HBCS Layout', ' Turahalli', ' BSK 6th Stage 1st and 2nd blocks', ' Veeranjanaya Nagar', ' Golden Greens Layout', ' Bharat Housing Co-Operative Society Layout (P)', ' Mogekere', ' Gubbalala', ' Happy Valley (P)', ' Raja Gardenia (P)']",3960,Bangalore South,11461
115,Vijayan .S (INC),17541,35532,Scheduled Caste,0.74,Vannarpet,1099,"['Sonenahalli', ' Vannarpet', ' Viveknagar', ' Ambedkar Nagar', ' Austin Town (P)', ' Abbayya Garden', ' Rose Garden', ' Muniyamma Garden', ' EWS Corporation flats (P)', ' Yerrappa Garden (P)']",9468,Shanthinagar,17991
149,S.Uday Kumar (INC),12034,25067,General,26.98,Varthuru,183,"['Chikka Belanduru', ' Gunjuru', ' Pannathur', ' Varthuru', ' Surhunise', ' Khanekandaya', ' Belanduru Amanikere', ' Balagere', ' Gunjuru Palya', ' Ramaswamy Layout', ' Ambedkar Colony', ' Patil Layout', ' Thimmappa Reddy layout', ' Manjunath Layout', ' Madhura Nagar', ' Varthuru Kere', ' Narayanappa Layout', ' Arasahalli', ' Gandhi Nagar', ' Lakshmi Layout', ' Raghavendra Layout', ' Rajashree Layout', ' Muneshwara Layout', ' Venkateshwara Layout', ' Shiradi Sai Nagar (P)', ' Manjunatha Layout', ' Munekollal']",5581,Mahadevpura,13033
93,Katta Jagadish (BJP),12382,25632,General,3.12,Vasanth Nagar,423,"['Kumarapark East', ' Vasanth Nagar', ' RV Layout', ' Annayappa block', ' Kaverappa Layout']",2198,Shivajinagar,13250
197,Vijaya.A (BJP),11465,24522,General (Women),5.34,Vasanthpura,483,"['Part I: Existing RR Nagar CMC ward No. 29 containing following localities:', ' Sarvabhouma Nagar', ' KSRTC Layout', ' Gaundanapalya (P)', ' Canara Bank Colony', ' Chikallasandra (P)', ' Part II: Maruthi Housing Society Layout', ' Devarakere Extension', ' Vittal Nagar', ' Vasanthpura', ' Prashanthi Nagar', ' Sharada Nagar', ' VV Nagar', ' Gokul Nagar', ' Vallabha Nagar', ' Kuvempu Nagar', ' Kailash Nagar', ' Naidu Layout', ' Siddanna Layout', ' Ganapathipura', ' Munireddy Layout', ' Doddakallasandra', ' Ayappa Nagar', ' HBCS 2nd Block', ' BDA Employees Layout', ' Kalyana Nagar', ' Brigade Residency (Boundary described for Part II only)']",2425,Bangalore South,13057
164,M.Venkatesh (BJP),16452,34535,Backward Category A,34535.0,Vidyapeeta ward,357,"['Hanumath Nagar (P)', ' Banasankari 1st stage', ' Ashok Nagar', ' Srinivasanagar (P)', ' Gururaja Layout', ' Banasankari 3rd stage - 6th block', ' Chennamma kere Layout']",1261,Basavanagudi,18083
9,Nandini.K (BJP),10868,23136,General (Women),9.79,Vidyaranyapura,505,"['GKVK Campus', ' M V Layout', ' Virupakshpura', ' Canara Bank Layout', ' Indian Express Layout', ' Buddha Jyothi Layout', ' Sonappa Layout', ' Maruthi Layout', ' Telecom Layout', ' Kempegowda Nagar', ' Muniswamiappa Layout', ' Basaveshwar Colony', ' Anjaneya Layout', ' Tindlu', ' Siddalingeshwar Layout', ' Vidyaranyapura 5th and 6th blocks', ' Srinidhi Layout', ' Balaji Layout', ' Dodda Bommasandra (P)', ' Chikka Venkatappa Layout', ' Vidyaranayapura 1st -3rd and 4th blocks', ' M Venkataswamiappa Layout', ' Gurudarshan Layout', ' Jyaneshwari Layout', ' Tindlu kere', ' Sapthagiri Layout']",1982,Byatarayanapura,12268
123,Ravindra.H (BJP),17068,36077,General,0.73,Vijayanagar,258,"['Vijayanagar', ' Hosahalli Extension (P)', ' Cholurpalya', ' Vidyaranya Nagar', ' Manjunath Nagar']",1297,Vijayanagar,19009
81,Geetha Vivekananda (BJP),11539,24757,General (Women),5.73,Vijnana Nagar,234,"[u'Mahadevapura', u' DRDO\u2019s 2nd Phase', u' Vijnanagar', u' Ramaiah Reddy Colony', u' L N Reddy Colony', u' Veerabadra Colony', u' Kalappa Layout', u' Basavanagar', u' Vibhuthipura', u' Talacauverynagar', u' Veerabhadranagar 2nd Stage', u' Lal Bhadur Shastrynagar', u' Jagadishnagar', u' Jyothinagar', u' Brudavan Nagar']",3761,K R Puram,13218
51,P.Sugumar (BJP),16969,35087,Scheduled Caste,2.05,Vijnanapura,228,"['Kamalamma Layout', ' Kodanda Reddy Layout', ' Manjunath Layout', ' Banasavadi BDA Layout', ' Gurumurthy Reddy Layout', ' Nagappa Reddy Layout', ' Kuvempu Nagar', ' Subramanya Layout', ' Rajarajeswari Layout', ' Jyothi Nagar', ' N R Layout', ' Kotturu', ' Vijnapura', ' Chandrasekhar Layout', ' ITI Employees Housing Colony', ' Food Corporation of India']",6454,K R Puram,18118
143,Anil Kumar.S (BJP),17731,36093,General,2.47,Vishveshwara Puram,188,"['Chikkanna Garden', ' Parvathipura', ' Mavalli', ' Upparahalli', ' Lalbagh Botanical Garden', ' Visweshwarapuram', ' Lalbagh kere']",1744,Chikkpet,18362
22,Munirathnamma (INC),12103,25697,Backward Category B,1.47,Vishwanath Nagenahalli,402,"['Gosaiya Slum', ' Guddahalli', ' V Nagenahalli', ' Yagappa Layout', ' Kanakanagar', ' IOE Layout', ' Cholanayakanahalli', ' Manorayanapalya (P)']",2422,Hebbal,13594
102,L.Nagarathna (JD (S)),15685,34339,Backward Category A (Women),0.99,Vrisabhavathi Nagar,333,"['Kamala Nagar', ' Channigappa Layout', ' Sanakki Bayalu', ' Vrishabha Nagar', ' Vinayaka Nagar', ' Kamakshipalya', ' Maruthi Nagar']",1187,Mahalakshmi Layout,18654
167,Ramesh N.R (BJP),16734,34591,Backward Category A,1.23,Yediyur,180,"['Byrappa Block', ' Krishna Block', ' Tyagaraj Nagar', ' Shastri Nagar', ' Yediyur', ' JayaNagar 6th Block', ' Gupta Layout', ' Vijayarangam Layout', ' City Centre Library']",1111,Padmanabhanagar,17857
4,M.Muniraju (BJP),12325,25782,Backward Category A,4.9,Yelahanka Satellite Town,601,"['Udaya Layout', ' Mother Dairy', ' Soma Nagar', ' Janata colony', ' Chikka Bommasandra', ' Yelahanka Salellite town', ' ABC quarters', ' Ambedkar colony', ' Allalsandra', ' Allalsandra kere', ' Judicial Layout', ' GKVK compus (P)', ' Judicial colony']",3687,Yelahanka,13457
185,O.Manjunath (INC),13104,28000,Backward Category A,1.58,Yelchenahalli,249,"['Ilyas Nagar', ' Kanaka Nagar', ' Geeta Colony', ' Yalchenhalli', ' Krishnadevaraya Nagar', ' Kashi Nagar', ' Anuradha Industrial Estate', ' Pratiba Industrial Estate', ' JC Industrial Layout', ' Bikasipura', ' Nanjappa Layout', ' Chandra Nagar']",2108,Bangalore South,14896
37,Munirathna (INC),17111,35972,General,0.78,Yeshwanthpura,560,"['Yeshwanthpura', ' Gurumurthy Layout', ' Kamala Nehru Extn', ' GK Colony', ' LN Colony', ' Dr.Ambedkar Nagar', ' Railway Qtrs', ' Pampa Nagar', ' LIC Colony', ' BK Nagar']",3555,Rajarajeshwari Nagar,18861
